Workbook

Sheet Pivot Table
A3: Count of customerID | B3: Column Labels
A4: Row Labels | B4: No | C4: Yes | D4: Grand Total
A5: Month-to-month | B5: 2220 | C5: 1655 | D5: 3875
A6: One year | B6: 1307 | C6: 166 | D6: 1473
A7: Two year | B7: 1647 | C7: 48 | D7: 1695
A8: Grand Total | B8: 5174 | C8: 1869 | D8: 7043

Sheet Contract Analysis
A1: Contract | B1: Total Customers | C1: Churned Customers | D1: Churn Rate
A2: Month-to-month | B2: =COUNTIF(Sheet1!P:P,A2) -> 3875 | C2: =COUNTIFS(Sheet1!P:P,A2,Sheet1!U:U,"Yes") -> 1655 | D2: =C2/B2 -> 0.42709677
A3: One year | B3: =COUNTIF(Sheet1!P:P,A3) -> 1473 | C3: =COUNTIFS(Sheet1!P:P,A3,Sheet1!U:U,"Yes") -> 166 | D3: =C3/B3 -> 0.11269518
A4: Two Year | B4: =COUNTIF(Sheet1!P:P,A4) -> 1695 | C4: =COUNTIFS(Sheet1!P:P,A4,Sheet1!U:U,"Yes") -> 48 | D4: =C4/B4 -> 0.028318584

Sheet Tenure Analysis
A1: Customer Tenure Group | B1: Total Customers | C1: Churned Customers | D1: Churn Rate
A2: 0–12 Months | B2: =COUNTIFS(Sheet1!F:F,">=0",Sheet1!F:F,"<=12") -> 2186 | C2: =COUNTIFS(Sheet1!F:F,">=0",Sheet1!F:F,"<=12",Sheet1!U:U,"Yes") -> 1037 | D2: =C2/B2 -> 0.47438243
A3: 13–24 Months | B3: =COUNTIFS(Sheet1!F:F,">=13",Sheet1!F:F,"<=24") -> 1024 | C3: =COUNTIFS(Sheet1!F:F,">=13",Sheet1!F:F,"<=24",Sheet1!U:U,"Yes") -> 294 | D3: =C3/B3 -> 0.28710938
A4: 25–48 Months | B4: =COUNTIFS(Sheet1!F:F,">=25",Sheet1!F:F,"<=48") -> 1594 | C4: =COUNTIFS(Sheet1!F:F,">=25",Sheet1!F:F,"<=48",Sheet1!U:U,"Yes") -> 325 | D4: =C4/B4 -> 0.20388959
A5: 49–72 Months | B5: =COUNTIFS(Sheet1!F:F,">=49",Sheet1!F:F,"<=72") -> 2239 | C5: =COUNTIFS(Sheet1!F:F,">=49",Sheet1!F:F,"<=72",Sheet1!U:U,"Yes") -> 213 | D5: =C5/B5 -> 0.095131755

Sheet Payment Analysis
A1: Payment Method | B1: Total Customers | C1: Churned Customers | D1: Churn Rate
A2: Electronic check | B2: =COUNTIF(Sheet1!R:R,A2) -> 2365 | C2: =COUNTIFS(Sheet1!R:R,A2,Sheet1!U:U,"Yes") -> 1071 | D2: =C2/B2 -> 0.45285412
A3: Mailed check | B3: =COUNTIF(Sheet1!R:R,A3) -> 1612 | C3: =COUNTIFS(Sheet1!R:R,A3,Sheet1!U:U,"Yes") -> 308 | D3: =C3/B3 -> 0.191067
A4: Bank transfer (automatic) | B4: =COUNTIF(Sheet1!R:R,A4) -> 1544 | C4: =COUNTIFS(Sheet1!R:R,A4,Sheet1!U:U,"Yes") -> 258 | D4: =C4/B4 -> 0.16709845
A5: Credit card (automatic) | B5: =COUNTIF(Sheet1!R:R,A5) -> 1522 | C5: =COUNTIFS(Sheet1!R:R,A5,Sheet1!U:U,"Yes") -> 232 | D5: =C5/B5 -> 0.15243101

Sheet Charges Analysis
A1: Monthly Charges Group | B1: Total Customers | C1: Churned Customers | D1: Churn Rate
A2: Low (Below $35) | B2: =COUNTIF(Sheet1!S:S,"<35") -> 1731 | C2: =COUNTIFS(Sheet1!S:S,"<35",Sheet1!U:U,"Yes") -> 188 | D2: =C2/B2 -> 0.10860774
A3: Medium ($35–$70) | B3: =COUNTIFS(Sheet1!S:S,">=35",Sheet1!S:S,"<=70") -> 1729 | C3: =COUNTIFS(Sheet1!S:S,">=35",Sheet1!S:S,"<=70",Sheet1!U:U,"Yes") -> 414 | D3: =C3/B3 -> 0.23944477
A4: High (Above $70) | B4: =COUNTIF(Sheet1!S:S,">70") -> 3583 | C4: =COUNTIFS(Sheet1!S:S,">70",Sheet1!U:U,"Yes") -> 1267 | D4: =C4/B4 -> 0.35361429

Sheet Service Analysis
A1: Internet Service | B1: Total Customers | C1: Churned Customers | D1: Churn Rate
A2: DSL | B2: =COUNTIF(Sheet1!I:I,A2) -> 2421 | C2: =COUNTIFS(Sheet1!I:I,A2,Sheet1!U:U,"Yes") -> 459 | D2: =C2/B2 -> 0.18959108
A3: Fiber optic | B3: =COUNTIF(Sheet1!I:I,A3) -> 3096 | C3: =COUNTIFS(Sheet1!I:I,A3,Sheet1!U:U,"Yes") -> 1297 | D3: =C3/B3 -> 0.41892765
A4: No | B4: =COUNTIF(Sheet1!I:I,A4) -> 1526 | C4: =COUNTIFS(Sheet1!I:I,A4,Sheet1!U:U,"Yes") -> 113 | D4: =C4/B4 -> 0.074049803

Sheet Summary Dashboard
A1: Customer Churn Summary
A2: Total Customers | B2: ='KPI Analysis'!B2 -> 7043
A3: Churned Customers | B3: ='KPI Analysis'!B3 -> 1869
A4: Churn Rate | B4: ='KPI Analysis'!B5 -> 0.26536987
A5: Retention Rate | B5: ='KPI Analysis'!B6 -> 0.73463013

Sheet Sheet1
A1: customerID | B1: gender | C1: SeniorCitizen | D1: Partner | E1: Dependents | F1: tenure | G1: PhoneService | H1: MultipleLines | I1: InternetService | J1: OnlineSecurity | K1: OnlineBackup | L1: DeviceProtection | M1: TechSupport | N1: StreamingTV | O1: StreamingMovies | P1: Contract | Q1: PaperlessBilling | R1: PaymentMethod | S1: MonthlyCharges | T1: TotalCharges | U1: Churn
A2: 7590-VHVEG | B2: Female | C2: 0 | D2: Yes | E2: No | F2: 1 | G2: No | H2: No phone service | I2: DSL | J2: No | K2: Yes | L2: No | M2: No | N2: No | O2: No | P2: Month-to-month | Q2: Yes | R2: Electronic check | S2: 29.85 | T2: 29.85 | U2: No
A3: 5575-GNVDE | B3: Male | C3: 0 | D3: No | E3: No | F3: 34 | G3: Yes | H3: No | I3: DSL | J3: Yes | K3: No | L3: Yes | M3: No | N3: No | O3: No | P3: One year | Q3: No | R3: Mailed check | S3: 56.95 | T3: 1889.5 | U3: No
A4: 3668-QPYBK | B4: Male | C4: 0 | D4: No | E4: No | F4: 2 | G4: Yes | H4: No | I4: DSL | J4: Yes | K4: Yes | L4: No | M4: No | N4: No | O4: No | P4: Month-to-month | Q4: Yes | R4: Mailed check | S4: 53.85 | T4: 108.15 | U4: Yes
A5: 7795-CFOCW | B5: Male | C5: 0 | D5: No | E5: No | F5: 45 | G5: No | H5: No phone service | I5: DSL | J5: Yes | K5: No | L5: Yes | M5: Yes | N5: No | O5: No | P5: One year | Q5: No | R5: Bank transfer (automatic) | S5: 42.3 | T5: 1840.75 | U5: No
A6: 9237-HQITU | B6: Female | C6: 0 | D6: No | E6: No | F6: 2 | G6: Yes | H6: No | I6: Fiber optic | J6: No | K6: No | L6: No | M6: No | N6: No | O6: No | P6: Month-to-month | Q6: Yes | R6: Electronic check | S6: 70.7 | T6: 151.65 | U6: Yes
A7: 9305-CDSKC | B7: Female | C7: 0 | D7: No | E7: No | F7: 8 | G7: Yes | H7: Yes | I7: Fiber optic | J7: No | K7: No | L7: Yes | M7: No | N7: Yes | O7: Yes | P7: Month-to-month | Q7: Yes | R7: Electronic check | S7: 99.65 | T7: 820.5 | U7: Yes
A8: 1452-KIOVK | B8: Male | C8: 0 | D8: No | E8: Yes | F8: 22 | G8: Yes | H8: Yes | I8: Fiber optic | J8: No | K8: Yes | L8: No | M8: No | N8: Yes | O8: No | P8: Month-to-month | Q8: Yes | R8: Credit card (automatic) | S8: 89.1 | T8: 1949.4 | U8: No
A9: 6713-OKOMC | B9: Female | C9: 0 | D9: No | E9: No | F9: 10 | G9: No | H9: No phone service | I9: DSL | J9: Yes | K9: No | L9: No | M9: No | N9: No | O9: No | P9: Month-to-month | Q9: No | R9: Mailed check | S9: 29.75 | T9: 301.9 | U9: No
A10: 7892-POOKP | B10: Female | C10: 0 | D10: Yes | E10: No | F10: 28 | G10: Yes | H10: Yes | I10: Fiber optic | J10: No | K10: No | L10: Yes | M10: Yes | N10: Yes | O10: Yes | P10: Month-to-month | Q10: Yes | R10: Electronic check | S10: 104.8 | T10: 3046.05 | U10: Yes
A11: 6388-TABGU | B11: Male | C11: 0 | D11: No | E11: Yes | F11: 62 | G11: Yes | H11: No | I11: DSL | J11: Yes | K11: Yes | L11: No | M11: No | N11: No | O11: No | P11: One year | Q11: No | R11: Bank transfer (automatic) | S11: 56.15 | T11: 3487.95 | U11: No
A12: 9763-GRSKD | B12: Male | C12: 0 | D12: Yes | E12: Yes | F12: 13 | G12: Yes | H12: No | I12: DSL | J12: Yes | K12: No | L12: No | M12: No | N12: No | O12: No | P12: Month-to-month | Q12: Yes | R12: Mailed check | S12: 49.95 | T12: 587.45 | U12: No
A13: 7469-LKBCI | B13: Male | C13: 0 | D13: No | E13: No | F13: 16 | G13: Yes | H13: No | I13: No | J13: No internet service | K13: No internet service | L13: No internet service | M13: No internet service | N13: No internet service | O13: No internet service | P13: Two year | Q13: No | R13: Credit card (automatic) | S13: 18.95 | T13: 326.8 | U13: No
... A489: 3649-JPUGY | B489: Male | C489: 0 | D489: No | E489: No | F489: 72 | G489: Yes | H489: Yes | I489: DSL | J489: No | K489: Yes | L489: Yes | M489: Yes | N489: Yes | O489: Yes | P489: Two year | Q489: Yes | R489: Bank transfer (automatic) | S489: 88.6 | T489: 6201.95 | U489: No
A490: 4472-LVYGI | B490: Female | C490: 0 | D490: Yes | E490: Yes | F490: 0 | G490: No | H490: No phone service | I490: DSL | J490: Yes | K490: No | L490: Yes | M490: Yes | N490: Yes | O490: No | P490: Two year | Q490: Yes | R490: Bank transfer (automatic) | S490: 52.55 | U490: No
A491: 8372-JUXUI | B491: Male | C491: 0 | D491: No | E491: Yes | F491: 1 | G491: Yes | H491: Yes | I491: Fiber optic | J491: No | K491: No | L491: No | M491: No | N491: No | O491: No | P491: Month-to-month | Q491: Yes | R491: Electronic check | S491: 74.35 | T491: 74.35 | U491: Yes
A492: 3552-CTCYF | B492: Male | C492: 0 | D492: Yes | E492: Yes | F492: 63 | G492: Yes | H492: Yes | I492: Fiber optic | J492: No | K492: Yes | L492: Yes | M492: No | N492: Yes | O492: Yes | P492: Two year | Q492: Yes | R492: Bank transfer (automatic) | S492: 104.8 | T492: 6597.25 | U492: No
A493: 6778-YSNIH | B493: Female | C493: 0 | D493: No | E493: No | F493: 2 | G493: Yes | H493: No | I493: DSL | J493: No | K493: Yes | L493: No | M493: No | N493: Yes | O493: No | P493: Month-to-month | Q493: Yes | R493: Electronic check | S493: 59 | T493: 114.15 | U493: No
A494: 0388-EOPEX | B494: Female | C494: 0 | D494: Yes | E494: No | F494: 2 | G494: Yes | H494: No | I494: Fiber optic | J494: Yes | K494: No | L494: No | M494: No | N494: No | O494: No | P494: Month-to-month | Q494: Yes | R494: Electronic check | S494: 74.4 | T494: 139.4 | U494: Yes
A495: 5756-OZRIO | B495: Male | C495: 1 | D495: Yes | E495: No | F495: 61 | G495: Yes | H495: Yes | I495: DSL | J495: No | K495: Yes | L495: No | M495: No | N495: No | O495: Yes | P495: One year | Q495: No | R495: Bank transfer (automatic) | S495: 64.05 | T495: 3902.6 | U495: No
A496: 6579-JPICP | B496: Male | C496: 0 | D496: No | E496: No | F496: 1 | G496: Yes | H496: No | I496: No | J496: No internet service | K496: No internet service | L496: No internet service | M496: No internet service | N496: No internet service | O496: No internet service | P496: Month-to-month | Q496: No | R496: Mailed check | S496: 20.4 | T496: 20.4 | U496: No
A497: 8205-OTCHB | B497: Male | C497: 0 | D497: No | E497: No | F497: 22 | G497: No | H497: No phone service | I497: DSL | J497: No | K497: Yes | L497: Yes | M497: No | N497: No | O497: Yes | P497: One year | Q497: Yes | R497: Bank transfer (automatic) | S497: 43.75 | T497: 903.6 | U497: Yes
A498: 4134-BSXLX | B498: Male | C498: 0 | D498: Yes | E498: No | F498: 28 | G498: Yes | H498: No | I498: DSL | J498: Yes | K498: Yes | L498: No | M498: Yes | N498: No | O498: No | P498: Month-to-month | Q498: No | R498: Mailed check | S498: 60.9 | T498: 1785.65 | U498: No
A499: 0505-SPOOW | B499: Female | C499: 0 | D499: Yes | E499: No | F499: 70 | G499: Yes | H499: No | I499: No | J499: No internet service | K499: No internet service | L499: No internet service | M499: No internet service | N499: No internet service | O499: No internet service | P499: Two year | Q499: No | R499: Bank transfer (automatic) | S499: 19.8 | T499: 1397.65 | U499: No
A500: 6235-VDHOM | B500: Female | C500: 1 | D500: No | E500: No | F500: 5 | G500: No | H500: No phone service | I500: DSL | J500: No | K500: Yes | L500: No | M500: No | N500: No | O500: No | P500: Month-to-month | Q500: No | R500: Electronic check | S500: 28.45 | T500: 131.05 | U500: Yes
A501: 7783-YKGDV | B501: Female | C501: 0 | D501: No | E501: No | F501: 12 | G501: Yes | H501: Yes | I501: Fiber optic | J501: Yes | K501: Yes | L501: Yes | M501: No | N501: No | O501: Yes | P501: Month-to-month | Q501: Yes | R501: Bank transfer (automatic) | S501: 99.7 | T501: 1238.45 | U501: Yes
A502: 4374-YMUSQ | B502: Male | C502: 0 | D502: No | E502: No | F502: 34 | G502: Yes | H502: Yes | I502: Fiber optic | J502: Yes | K502: Yes | L502: Yes | M502: Yes | N502: Yes | O502: Yes | P502: One year | Q502: No | R502: Credit card (automatic) | S502: 116.25 | T502: 3899.05 | U502: No
... A754: 1410-RSCMR | B754: Male | C754: 0 | D754: Yes | E754: Yes | F754: 7 | G754: Yes | H754: No | I754: DSL | J754: Yes | K754: No | L754: Yes | M754: Yes | N754: No | O754: Yes | P754: Month-to-month | Q754: Yes | R754: Credit card (automatic) | S754: 71.35 | T754: 515.75 | U754: No
A755: 3115-CZMZD | B755: Male | C755: 0 | D755: No | E755: Yes | F755: 0 | G755: Yes | H755: No | I755: No | J755: No internet service | K755: No internet service | L755: No internet service | M755: No internet service | N755: No internet service | O755: No internet service | P755: Two year | Q755: No | R755: Mailed check | S755: 20.25 | U755: No
A756: 0139-IVFJG | B756: Female | C756: 0 | D756: Yes | E756: No | F756: 2 | G756: Yes | H756: No | I756: Fiber optic | J756: Yes | K756: Yes | L756: No | M756: No | N756: Yes | O756: No | P756: Month-to-month | Q756: No | R756: Electronic check | S756: 90.35 | T756: 190.5 | U756: No
A757: 6683-VLCTZ | B757: Male | C757: 1 | D757: No | E757: No | F757: 20 | G757: Yes | H757: Yes | I757: Fiber optic | J757: No | K757: No | L757: Yes | M757: No | N757: Yes | O757: Yes | P757: Month-to-month | Q757: Yes | R757: Electronic check | S757: 98.55 | T757: 1842.8 | U757: Yes
A758: 5730-DBDSI | B758: Male | C758: 0 | D758: No | E758: No | F758: 66 | G758: Yes | H758: No | I758: No | J758: No internet service | K758: No internet service | L758: No internet service | M758: No internet service | N758: No internet service | O758: No internet service | P758: Two year | Q758: No | R758: Bank transfer (automatic) | S758: 19.7 | T758: 1253.8 | U758: No
A759: 0030-FNXPP | B759: Female | C759: 0 | D759: No | E759: No | F759: 3 | G759: Yes | H759: No | I759: No | J759: No internet service | K759: No internet service | L759: No internet service | M759: No internet service | N759: No internet service | O759: No internet service | P759: Month-to-month | Q759: No | R759: Mailed check | S759: 19.85 | T759: 57.2 | U759: No
A760: 2189-WWOEW | B760: Female | C760: 0 | D760: No | E760: Yes | F760: 15 | G760: Yes | H760: No | I760: Fiber optic | J760: No | K760: Yes | L760: No | M760: No | N760: No | O760: Yes | P760: Month-to-month | Q760: Yes | R760: Bank transfer (automatic) | S760: 85.9 | T760: 1269.55 | U760: Yes
A761: 5684-FJVYR | B761: Female | C761: 0 | D761: Yes | E761: Yes | F761: 72 | G761: Yes | H761: Yes | I761: Fiber optic | J761: Yes | K761: Yes | L761: No | M761: Yes | N761: No | O761: No | P761: Two year | Q761: Yes | R761: Bank transfer (automatic) | S761: 90.35 | T761: 6563.4 | U761: No
A762: 4013-GUXND | B762: Male | C762: 0 | D762: No | E762: No | F762: 1 | G762: Yes | H762: No | I762: No | J762: No internet service | K762: No internet service | L762: No internet service | M762: No internet service | N762: No internet service | O762: No internet service | P762: Month-to-month | Q762: No | R762: Mailed check | S762: 20.8 | T762: 20.8 | U762: No
A763: 1894-IGFSG | B763: Female | C763: 0 | D763: No | E763: No | F763: 22 | G763: Yes | H763: No | I763: Fiber optic | J763: No | K763: No | L763: No | M763: No | N763: Yes | O763: Yes | P763: Month-to-month | Q763: No | R763: Electronic check | S763: 89.25 | T763: 1907.85 | U763: Yes
A764: 7379-POKDZ | B764: Male | C764: 0 | D764: Yes | E764: No | F764: 3 | G764: Yes | H764: No | I764: Fiber optic | J764: No | K764: No | L764: No | M764: No | N764: No | O764: No | P764: Month-to-month | Q764: Yes | R764: Electronic check | S764: 70.3 | T764: 208.85 | U764: Yes
A765: 1266-NZYUI | B765: Female | C765: 0 | D765: Yes | E765: Yes | F765: 72 | G765: Yes | H765: Yes | I765: DSL | J765: Yes | K765: No | L765: Yes | M765: Yes | N765: No | O765: No | P765: Two year | Q765: No | R765: Bank transfer (automatic) | S765: 66.85 | T765: 4758.8 | U765: No
A766: 7969-FFOWG | B766: Male | C766: 0 | D766: Yes | E766: Yes | F766: 65 | G766: Yes | H766: No | I766: No | J766: No internet service | K766: No internet service | L766: No internet service | M766: No internet service | N766: No internet service | O766: No internet service | P766: Two year | Q766: No | R766: Mailed check | S766: 19.9 | T766: 1292.6 | U766: No
A767: 4718-DHSMV | B767: Female | C767: 0 | D767: No | E767: No | F767: 11 | G767: No | H767: No phone service | I767: DSL | J767: No | K767: No | L767: No | M767: No | N767: Yes | O767: No | P767: Month-to-month | Q767: Yes | R767: Mailed check | S767: 35.8 | T767: 363.15 | U767: No
... A937: 6630-UJZMY | B937: Female | C937: 1 | D937: Yes | E937: No | F937: 4 | G937: Yes | H937: Yes | I937: Fiber optic | J937: No | K937: No | L937: No | M937: No | N937: Yes | O937: No | P937: Month-to-month | Q937: Yes | R937: Electronic check | S937: 83.25 | T937: 308.05 | U937: No
A938: 5709-LVOEQ | B938: Female | C938: 0 | D938: Yes | E938: Yes | F938: 0 | G938: Yes | H938: No | I938: DSL | J938: Yes | K938: Yes | L938: Yes | M938: No | N938: Yes | O938: Yes | P938: Two year | Q938: No | R938: Mailed check | S938: 80.85 | U938: No
A939: 6400-BWQKW | B939: Female | C939: 0 | D939: No | E939: No | F939: 6 | G939: Yes | H939: Yes | I939: Fiber optic | J939: Yes | K939: No | L939: No | M939: No | N939: No | O939: No | P939: Month-to-month | Q939: Yes | R939: Electronic check | S939: 79.05 | T939: 434.5 | U939: Yes
A940: 2692-AQCPF | B940: Female | C940: 0 | D940: Yes | E940: No | F940: 65 | G940: Yes | H940: Yes | I940: Fiber optic | J940: No | K940: Yes | L940: Yes | M940: Yes | N940: Yes | O940: Yes | P940: One year | Q940: Yes | R940: Credit card (automatic) | S940: 108.05 | T940: 7118.9 | U940: No
A941: 0347-UBKUZ | B941: Female | C941: 0 | D941: No | E941: No | F941: 15 | G941: Yes | H941: No | I941: No | J941: No internet service | K941: No internet service | L941: No internet service | M941: No internet service | N941: No internet service | O941: No internet service | P941: Month-to-month | Q941: No | R941: Mailed check | S941: 19.9 | T941: 320.45 | U941: No
A942: 0835-DUUIQ | B942: Female | C942: 0 | D942: No | E942: Yes | F942: 24 | G942: Yes | H942: No | I942: No | J942: No internet service | K942: No internet service | L942: No internet service | M942: No internet service | N942: No internet service | O942: No internet service | P942: One year | Q942: No | R942: Bank transfer (automatic) | S942: 21.05 | T942: 531.55 | U942: No
A943: 0811-GSDTP | B943: Female | C943: 0 | D943: No | E943: Yes | F943: 13 | G943: No | H943: No phone service | I943: DSL | J943: No | K943: Yes | L943: No | M943: No | N943: No | O943: No | P943: Month-to-month | Q943: No | R943: Electronic check | S943: 30.15 | T943: 382.2 | U943: No
A944: 7567-ECMCM | B944: Male | C944: 0 | D944: No | E944: No | F944: 24 | G944: Yes | H944: No | I944: Fiber optic | J944: No | K944: No | L944: No | M944: No | N944: No | O944: Yes | P944: Month-to-month | Q944: Yes | R944: Credit card (automatic) | S944: 79.85 | T944: 2001 | U944: No
A945: 6115-ZTBFQ | B945: Female | C945: 0 | D945: Yes | E945: No | F945: 72 | G945: No | H945: No phone service | I945: DSL | J945: Yes | K945: Yes | L945: Yes | M945: Yes | N945: Yes | O945: Yes | P945: Two year | Q945: No | R945: Bank transfer (automatic) | S945: 65.5 | T945: 4919.7 | U945: No
A946: 6353-BRMMA | B946: Female | C946: 0 | D946: Yes | E946: Yes | F946: 54 | G946: Yes | H946: Yes | I946: Fiber optic | J946: Yes | K946: Yes | L946: No | M946: No | N946: Yes | O946: Yes | P946: Month-to-month | Q946: Yes | R946: Bank transfer (automatic) | S946: 104.1 | T946: 5645.8 | U946: No
A947: 6680-WKXRZ | B947: Female | C947: 0 | D947: No | E947: No | F947: 3 | G947: Yes | H947: Yes | I947: Fiber optic | J947: No | K947: No | L947: No | M947: No | N947: No | O947: No | P947: Month-to-month | Q947: No | R947: Bank transfer (automatic) | S947: 74.4 | T947: 215.8 | U947: Yes
A948: 6231-WFGFH | B948: Male | C948: 0 | D948: Yes | E948: Yes | F948: 4 | G948: Yes | H948: No | I948: No | J948: No internet service | K948: No internet service | L948: No internet service | M948: No internet service | N948: No internet service | O948: No internet service | P948: Month-to-month | Q948: Yes | R948: Mailed check | S948: 20.5 | T948: 77.6 | U948: No
A949: 9904-EHEVJ | B949: Female | C949: 1 | D949: Yes | E949: Yes | F949: 32 | G949: Yes | H949: Yes | I949: Fiber optic | J949: No | K949: No | L949: Yes | M949: No | N949: Yes | O949: No | P949: Month-to-month | Q949: Yes | R949: Mailed check | S949: 91.35 | T949: 2896.55 | U949: No
A950: 7028-DVOIQ | B950: Male | C950: 1 | D950: No | E950: No | F950: 35 | G950: Yes | H950: Yes | I950: Fiber optic | J950: No | K950: No | L950: Yes | M950: No | N950: Yes | O950: Yes | P950: Month-to-month | Q950: Yes | R950: Electronic check | S950: 99.05 | T950: 3395.8 | U950: Yes
... A1083: 1751-NCDLI | B1083: Male | C1083: 1 | D1083: Yes | E1083: No | F1083: 46 | G1083: Yes | H1083: Yes | I1083: Fiber optic | J1083: No | K1083: No | L1083: Yes | M1083: No | N1083: Yes | O1083: Yes | P1083: Month-to-month | Q1083: Yes | R1083: Electronic check | S1083: 98.85 | T1083: 4564.9 | U1083: No
A1084: 4367-NUYAO | B1084: Male | C1084: 0 | D1084: Yes | E1084: Yes | F1084: 0 | G1084: Yes | H1084: Yes | I1084: No | J1084: No internet service | K1084: No internet service | L1084: No internet service | M1084: No internet service | N1084: No internet service | O1084: No internet service | P1084: Two year | Q1084: No | R1084: Mailed check | S1084: 25.75 | U1084: No
A1085: 9878-TNQGW | B1085: Male | C1085: 0 | D1085: No | E1085: No | F1085: 2 | G1085: Yes | H1085: No | I1085: Fiber optic | J1085: No | K1085: No | L1085: No | M1085: No | N1085: No | O1085: Yes | P1085: Month-to-month | Q1085: Yes | R1085: Electronic check | S1085: 80.95 | T1085: 171.15 | U1085: Yes
A1086: 9170-ARBTB | B1086: Female | C1086: 0 | D1086: Yes | E1086: Yes | F1086: 52 | G1086: Yes | H1086: No | I1086: No | J1086: No internet service | K1086: No internet service | L1086: No internet service | M1086: No internet service | N1086: No internet service | O1086: No internet service | P1086: One year | Q1086: No | R1086: Credit card (automatic) | S1086: 19.6 | T1086: 1012.4 | U1086: No
A1087: 4441-NIHPT | B1087: Female | C1087: 1 | D1087: No | E1087: No | F1087: 13 | G1087: Yes | H1087: No | I1087: Fiber optic | J1087: No | K1087: No | L1087: Yes | M1087: No | N1087: No | O1087: No | P1087: Month-to-month | Q1087: Yes | R1087: Electronic check | S1087: 74.3 | T1087: 940.35 | U1087: Yes
A1088: 8999-BOHSE | B1088: Female | C1088: 1 | D1088: No | E1088: No | F1088: 11 | G1088: Yes | H1088: No | I1088: Fiber optic | J1088: No | K1088: No | L1088: No | M1088: No | N1088: Yes | O1088: Yes | P1088: Month-to-month | Q1088: No | R1088: Bank transfer (automatic) | S1088: 89.7 | T1088: 1047.7 | U1088: Yes
A1089: 7241-AJHFS | B1089: Male | C1089: 0 | D1089: No | E1089: No | F1089: 32 | G1089: Yes | H1089: Yes | I1089: Fiber optic | J1089: Yes | K1089: No | L1089: No | M1089: Yes | N1089: No | O1089: No | P1089: Month-to-month | Q1089: No | R1089: Bank transfer (automatic) | S1089: 87.65 | T1089: 2766.4 | U1089: No
A1090: 7029-RPUAV | B1090: Male | C1090: 1 | D1090: Yes | E1090: No | F1090: 17 | G1090: Yes | H1090: Yes | I1090: Fiber optic | J1090: No | K1090: No | L1090: Yes | M1090: No | N1090: Yes | O1090: Yes | P1090: Month-to-month | Q1090: Yes | R1090: Credit card (automatic) | S1090: 100.45 | T1090: 1622.45 | U1090: Yes
A1091: 4546-FOKWR | B1091: Female | C1091: 0 | D1091: No | E1091: No | F1091: 16 | G1091: Yes | H1091: Yes | I1091: Fiber optic | J1091: No | K1091: No | L1091: No | M1091: No | N1091: No | O1091: No | P1091: Month-to-month | Q1091: Yes | R1091: Credit card (automatic) | S1091: 74.75 | T1091: 1129.35 | U1091: No
A1092: 9036-CSKBW | B1092: Female | C1092: 0 | D1092: No | E1092: No | F1092: 51 | G1092: Yes | H1092: Yes | I1092: Fiber optic | J1092: Yes | K1092: Yes | L1092: Yes | M1092: No | N1092: Yes | O1092: Yes | P1092: One year | Q1092: No | R1092: Bank transfer (automatic) | S1092: 107.45 | T1092: 5680.9 | U1092: No
A1093: 5832-TRLPB | B1093: Male | C1093: 0 | D1093: No | E1093: No | F1093: 29 | G1093: Yes | H1093: No | I1093: DSL | J1093: No | K1093: No | L1093: Yes | M1093: Yes | N1093: Yes | O1093: Yes | P1093: One year | Q1093: Yes | R1093: Bank transfer (automatic) | S1093: 75.35 | T1093: 2243.9 | U1093: No
A1094: 8590-YFFQO | B1094: Male | C1094: 0 | D1094: Yes | E1094: No | F1094: 70 | G1094: Yes | H1094: No | I1094: DSL | J1094: Yes | K1094: Yes | L1094: Yes | M1094: Yes | N1094: No | O1094: No | P1094: Two year | Q1094: No | R1094: Credit card (automatic) | S1094: 64.95 | T1094: 4523.25 | U1094: No
A1095: 8659-IOOPU | B1095: Female | C1095: 0 | D1095: Yes | E1095: Yes | F1095: 71 | G1095: Yes | H1095: Yes | I1095: Fiber optic | J1095: Yes | K1095: No | L1095: Yes | M1095: Yes | N1095: No | O1095: Yes | P1095: Two year | Q1095: No | R1095: Electronic check | S1095: 100.45 | T1095: 7159.7 | U1095: No
A1096: 1338-CECEE | B1096: Male | C1096: 0 | D1096: Yes | E1096: Yes | F1096: 41 | G1096: Yes | H1096: Yes | I1096: DSL | J1096: No | K1096: Yes | L1096: Yes | M1096: No | N1096: Yes | O1096: No | P1096: One year | Q1096: No | R1096: Bank transfer (automatic) | S1096: 68.5 | T1096: 2839.95 | U1096: No
... A1341: 3838-OZURD | B1341: Male | C1341: 0 | D1341: Yes | E1341: No | F1341: 66 | G1341: Yes | H1341: Yes | I1341: Fiber optic | J1341: No | K1341: Yes | L1341: Yes | M1341: No | N1341: Yes | O1341: Yes | P1341: Month-to-month | Q1341: Yes | R1341: Credit card (automatic) | S1341: 105 | T1341: 7133.25 | U1341: Yes
A1342: 1371-DWPAZ | B1342: Female | C1342: 0 | D1342: Yes | E1342: Yes | F1342: 0 | G1342: No | H1342: No phone service | I1342: DSL | J1342: Yes | K1342: Yes | L1342: Yes | M1342: Yes | N1342: Yes | O1342: No | P1342: Two year | Q1342: No | R1342: Credit card (automatic) | S1342: 56.05 | U1342: No
A1343: 9269-CQOOL | B1343: Male | C1343: 0 | D1343: No | E1343: Yes | F1343: 3 | G1343: Yes | H1343: No | I1343: DSL | J1343: No | K1343: No | L1343: No | M1343: No | N1343: Yes | O1343: No | P1343: Month-to-month | Q1343: Yes | R1343: Credit card (automatic) | S1343: 54.7 | T1343: 169.45 | U1343: Yes
A1344: 2017-CCBLH | B1344: Female | C1344: 0 | D1344: No | E1344: No | F1344: 8 | G1344: Yes | H1344: No | I1344: No | J1344: No internet service | K1344: No internet service | L1344: No internet service | M1344: No internet service | N1344: No internet service | O1344: No internet service | P1344: Two year | Q1344: No | R1344: Mailed check | S1344: 20 | T1344: 141.6 | U1344: No
A1345: 7690-KPNCU | B1345: Male | C1345: 0 | D1345: Yes | E1345: Yes | F1345: 64 | G1345: Yes | H1345: No | I1345: DSL | J1345: Yes | K1345: No | L1345: Yes | M1345: No | N1345: Yes | O1345: Yes | P1345: One year | Q1345: Yes | R1345: Credit card (automatic) | S1345: 73.05 | T1345: 4688.65 | U1345: No
A1346: 0536-BGFMZ | B1346: Female | C1346: 0 | D1346: Yes | E1346: No | F1346: 28 | G1346: Yes | H1346: No | I1346: No | J1346: No internet service | K1346: No internet service | L1346: No internet service | M1346: No internet service | N1346: No internet service | O1346: No internet service | P1346: Month-to-month | Q1346: No | R1346: Mailed check | S1346: 20.5 | T1346: 563.05 | U1346: No
A1347: 2293-IJWPS | B1347: Female | C1347: 0 | D1347: Yes | E1347: No | F1347: 57 | G1347: Yes | H1347: Yes | I1347: Fiber optic | J1347: No | K1347: No | L1347: Yes | M1347: No | N1347: Yes | O1347: Yes | P1347: One year | Q1347: Yes | R1347: Credit card (automatic) | S1347: 100.75 | T1347: 5985 | U1347: No
A1348: 2845-HSJCY | B1348: Female | C1348: 0 | D1348: Yes | E1348: Yes | F1348: 14 | G1348: Yes | H1348: Yes | I1348: Fiber optic | J1348: No | K1348: No | L1348: Yes | M1348: No | N1348: No | O1348: Yes | P1348: Month-to-month | Q1348: Yes | R1348: Electronic check | S1348: 87.25 | T1348: 1258.6 | U1348: Yes
A1349: 5469-NUJUR | B1349: Male | C1349: 0 | D1349: No | E1349: No | F1349: 19 | G1349: Yes | H1349: No | I1349: No | J1349: No internet service | K1349: No internet service | L1349: No internet service | M1349: No internet service | N1349: No internet service | O1349: No internet service | P1349: Two year | Q1349: Yes | R1349: Mailed check | S1349: 19.95 | T1349: 373.5 | U1349: No
A1350: 1184-PJVDB | B1350: Male | C1350: 0 | D1350: Yes | E1350: No | F1350: 10 | G1350: Yes | H1350: No | I1350: Fiber optic | J1350: No | K1350: No | L1350: No | M1350: No | N1350: Yes | O1350: No | P1350: Month-to-month | Q1350: Yes | R1350: Electronic check | S1350: 79.95 | T1350: 857.2 | U1350: Yes
A1351: 2625-TRCZQ | B1351: Female | C1351: 0 | D1351: Yes | E1351: No | F1351: 51 | G1351: No | H1351: No phone service | I1351: DSL | J1351: No | K1351: Yes | L1351: No | M1351: No | N1351: Yes | O1351: Yes | P1351: Month-to-month | Q1351: Yes | R1351: Electronic check | S1351: 49.65 | T1351: 2553.35 | U1351: No
A1352: 4102-HLENU | B1352: Female | C1352: 0 | D1352: Yes | E1352: No | F1352: 67 | G1352: Yes | H1352: Yes | I1352: DSL | J1352: Yes | K1352: Yes | L1352: Yes | M1352: No | N1352: No | O1352: No | P1352: Two year | Q1352: No | R1352: Mailed check | S1352: 65.65 | T1352: 4322.85 | U1352: No
A1353: 7266-GSSJX | B1353: Male | C1353: 0 | D1353: Yes | E1353: Yes | F1353: 11 | G1353: Yes | H1353: No | I1353: No | J1353: No internet service | K1353: No internet service | L1353: No internet service | M1353: No internet service | N1353: No internet service | O1353: No internet service | P1353: Month-to-month | Q1353: Yes | R1353: Electronic check | S1353: 20.45 | T1353: 250.8 | U1353: No
A1354: 7722-VJRQD | B1354: Male | C1354: 0 | D1354: Yes | E1354: Yes | F1354: 72 | G1354: No | H1354: No phone service | I1354: DSL | J1354: Yes | K1354: No | L1354: Yes | M1354: Yes | N1354: Yes | O1354: Yes | P1354: Two year | Q1354: No | R1354: Bank transfer (automatic) | S1354: 60.95 | T1354: 4549.05 | U1354: No
... A3332: 8276-MQBYC | B3332: Male | C3332: 1 | D3332: No | E3332: No | F3332: 51 | G3332: Yes | H3332: Yes | I3332: Fiber optic | J3332: No | K3332: No | L3332: Yes | M3332: No | N3332: Yes | O3332: Yes | P3332: Month-to-month | Q3332: Yes | R3332: Electronic check | S3332: 97.8 | T3332: 4913.3 | U3332: Yes
A3333: 7644-OMVMY | B3333: Male | C3333: 0 | D3333: Yes | E3333: Yes | F3333: 0 | G3333: Yes | H3333: No | I3333: No | J3333: No internet service | K3333: No internet service | L3333: No internet service | M3333: No internet service | N3333: No internet service | O3333: No internet service | P3333: Two year | Q3333: No | R3333: Mailed check | S3333: 19.85 | U3333: No
A3334: 7593-XFKDI | B3334: Male | C3334: 0 | D3334: No | E3334: No | F3334: 1 | G3334: Yes | H3334: No | I3334: DSL | J3334: No | K3334: No | L3334: No | M3334: No | N3334: No | O3334: No | P3334: Month-to-month | Q3334: No | R3334: Mailed check | S3334: 46.3 | T3334: 46.3 | U3334: Yes
A3335: 4573-JKNAE | B3335: Male | C3335: 0 | D3335: No | E3335: Yes | F3335: 12 | G3335: Yes | H3335: No | I3335: No | J3335: No internet service | K3335: No internet service | L3335: No internet service | M3335: No internet service | N3335: No internet service | O3335: No internet service | P3335: Two year | Q3335: No | R3335: Bank transfer (automatic) | S3335: 19.35 | T3335: 212.3 | U3335: No
A3336: 0337-CNPZE | B3336: Female | C3336: 0 | D3336: No | E3336: No | F3336: 41 | G3336: Yes | H3336: Yes | I3336: Fiber optic | J3336: No | K3336: Yes | L3336: Yes | M3336: No | N3336: Yes | O3336: Yes | P3336: Month-to-month | Q3336: Yes | R3336: Electronic check | S3336: 106.3 | T3336: 4443.45 | U3336: Yes
A3337: 9817-APLHW | B3337: Male | C3337: 0 | D3337: No | E3337: No | F3337: 12 | G3337: Yes | H3337: Yes | I3337: No | J3337: No internet service | K3337: No internet service | L3337: No internet service | M3337: No internet service | N3337: No internet service | O3337: No internet service | P3337: Month-to-month | Q3337: No | R3337: Electronic check | S3337: 25 | T3337: 316.2 | U3337: No
A3338: 8380-MQINP | B3338: Female | C3338: 0 | D3338: Yes | E3338: Yes | F3338: 55 | G3338: Yes | H3338: No | I3338: No | J3338: No internet service | K3338: No internet service | L3338: No internet service | M3338: No internet service | N3338: No internet service | O3338: No internet service | P3338: Two year | Q3338: No | R3338: Mailed check | S3338: 20.3 | T3338: 1079.05 | U3338: No
A3339: 0840-DFEZH | B3339: Female | C3339: 0 | D3339: No | E3339: No | F3339: 7 | G3339: Yes | H3339: Yes | I3339: Fiber optic | J3339: No | K3339: No | L3339: No | M3339: No | N3339: No | O3339: No | P3339: Month-to-month | Q3339: Yes | R3339: Electronic check | S3339: 75.35 | T3339: 564.65 | U3339: No
A3340: 1513-XNPPH | B3340: Female | C3340: 0 | D3340: No | E3340: No | F3340: 12 | G3340: Yes | H3340: No | I3340: Fiber optic | J3340: No | K3340: No | L3340: Yes | M3340: Yes | N3340: No | O3340: Yes | P3340: Month-to-month | Q3340: Yes | R3340: Electronic check | S3340: 89.4 | T3340: 1095.65 | U3340: Yes
A3341: 8690-ZVLCL | B3341: Female | C3341: 0 | D3341: Yes | E3341: Yes | F3341: 68 | G3341: Yes | H3341: Yes | I3341: DSL | J3341: Yes | K3341: Yes | L3341: Yes | M3341: Yes | N3341: Yes | O3341: Yes | P3341: Two year | Q3341: No | R3341: Credit card (automatic) | S3341: 88 | T3341: 6161.9 | U3341: No
A3342: 6015-VVHHE | B3342: Female | C3342: 1 | D3342: No | E3342: No | F3342: 5 | G3342: Yes | H3342: Yes | I3342: Fiber optic | J3342: No | K3342: No | L3342: No | M3342: No | N3342: Yes | O3342: No | P3342: Month-to-month | Q3342: Yes | R3342: Credit card (automatic) | S3342: 83.15 | T3342: 446.05 | U3342: Yes
A3343: 1125-SNVCK | B3343: Female | C3343: 1 | D3343: No | E3343: No | F3343: 49 | G3343: Yes | H3343: No | I3343: DSL | J3343: No | K3343: No | L3343: No | M3343: No | N3343: No | O3343: No | P3343: Month-to-month | Q3343: No | R3343: Mailed check | S3343: 43.8 | T3343: 2106.05 | U3343: No
A3344: 0384-LPITE | B3344: Male | C3344: 0 | D3344: No | E3344: No | F3344: 40 | G3344: No | H3344: No phone service | I3344: DSL | J3344: Yes | K3344: Yes | L3344: Yes | M3344: No | N3344: Yes | O3344: Yes | P3344: One year | Q3344: No | R3344: Credit card (automatic) | S3344: 62.05 | T3344: 2511.55 | U3344: No
A3345: 4616-EWBNJ | B3345: Female | C3345: 0 | D3345: No | E3345: No | F3345: 16 | G3345: Yes | H3345: No | I3345: No | J3345: No internet service | K3345: No internet service | L3345: No internet service | M3345: No internet service | N3345: No internet service | O3345: No internet service | P3345: One year | Q3345: No | R3345: Bank transfer (automatic) | S3345: 20.1 | T3345: 318.6 | U3345: No
... A3827: 3620-EHIMZ | B3827: Female | C3827: 0 | D3827: Yes | E3827: Yes | F3827: 52 | G3827: Yes | H3827: No | I3827: No | J3827: No internet service | K3827: No internet service | L3827: No internet service | M3827: No internet service | N3827: No internet service | O3827: No internet service | P3827: Two year | Q3827: No | R3827: Mailed check | S3827: 19.35 | T3827: 1031.7 | U3827: No
A3828: 3213-VVOLG | B3828: Male | C3828: 0 | D3828: Yes | E3828: Yes | F3828: 0 | G3828: Yes | H3828: Yes | I3828: No | J3828: No internet service | K3828: No internet service | L3828: No internet service | M3828: No internet service | N3828: No internet service | O3828: No internet service | P3828: Two year | Q3828: No | R3828: Mailed check | S3828: 25.35 | U3828: No
A3829: 6870-ECSHE | B3829: Female | C3829: 0 | D3829: No | E3829: No | F3829: 2 | G3829: Yes | H3829: No | I3829: No | J3829: No internet service | K3829: No internet service | L3829: No internet service | M3829: No internet service | N3829: No internet service | O3829: No internet service | P3829: One year | Q3829: No | R3829: Mailed check | S3829: 20.45 | T3829: 34.8 | U3829: No
...

Sheet KPI Analysis
A1: Metric | B1: Value
A2: Total Customers | B2: =COUNTA(Sheet1!A:A)-1 -> 7043
A3: Churned Customers | B3: =COUNTIF(Sheet1!U:U,"Yes") -> 1869
A4: Retained Customers | B4: =COUNTIF(Sheet1!U:U,"No") -> 5174
A5: Churn Rate | B5: =B3/B2 -> 0.26536987
A6: Retention Rate | B6: =B4/B2 -> 0.73463013
A7: Average Monthly Charges | B7: =AVERAGE(Sheet1!S:S) -> 64.761692
